sheet,lift,effort,frame,state,export_path,lattice_source,ground_contact,key_beat
idle,none,light,1,stand,/sprites/idle/frame-01.png,lattice-160/idle/frame-01.png,yes,"3/4 front, weight even, hands open at sides, chest neutral"
idle,none,light,2,inhale,/sprites/idle/frame-02.png,lattice-160/idle/frame-02.png,yes,"shoulders +1 lattice px, chest +1, chin lifts 1"
idle,none,light,3,exhale,/sprites/idle/frame-03.png,lattice-160/idle/frame-03.png,yes,"shoulders back to stand, hands rub chalk"
idle,none,light,4,look,/sprites/idle/frame-04.png,lattice-160/idle/frame-04.png,yes,"eyes to bar (viewer right), brow drops 1"
squat,squat,light,1,setup,/sprites/squat/frame-01.png,lattice-160/squat/frame-01.png,yes,"standing, bar on traps y46, chest up, brace, elbows down"
squat,squat,light,2,descend,/sprites/squat/frame-02.png,lattice-160/squat/frame-02.png,yes,"hips back+down, knees forward, bar y~70, torso 20 deg"
squat,squat,light,3,hole,/sprites/squat/frame-03.png,lattice-160/squat/frame-03.png,yes,"hip crease below knee, bar y~96, torso 35 deg, knees out, bar straight"
squat,squat,light,4,drive,/sprites/squat/frame-04.png,lattice-160/squat/frame-04.png,yes,"hips rising, bar y~80, knees driving out, chest leads"
squat,squat,light,5,almost,/sprites/squat/frame-05.png,lattice-160/squat/frame-05.png,yes,"bar y~54, small forward lean resolving"
squat,squat,light,6,lockout,/sprites/squat/frame-06.png,lattice-160/squat/frame-06.png,yes,"standing tall, bar y46, knees locked, calm exhale"
squat-max,squat,max,1,setup,/sprites/squat-max/frame-01.png,lattice-160/squat-max/frame-01.png,yes,"standing, bar bows 1 px at sleeves, stance 2 px wider, traps swallow neck"
squat-max,squat,max,2,descend,/sprites/squat-max/frame-02.png,lattice-160/squat-max/frame-02.png,yes,"slow, bar y~72, torso pitched 5 deg more than light"
squat-max,squat,max,3,hole,/sprites/squat-max/frame-03.png,lattice-160/squat-max/frame-03.png,yes,"same depth as light, torso 40 deg, knees cave 1 px, bar bows 2 px, face FLUSH1"
squat-max,squat,max,4,sticking,/sprites/squat-max/frame-04.png,lattice-160/squat-max/frame-04.png,yes,"bar barely above hole y~90 (not y~80), knees correcting outward, teeth bared, chalk puff"
squat-max,squat,max,5,grind,/sprites/squat-max/frame-05.png,lattice-160/squat-max/frame-05.png,yes,"bar y~64, torso still pitched, bar bow resolving, eyes shut"
squat-max,squat,max,6,lockout,/sprites/squat-max/frame-06.png,lattice-160/squat-max/frame-06.png,yes,"standing, bar straight, mouth open exhale, FLUSH stays"
bench,bench,light,1,setup,/sprites/bench/frame-01.png,lattice-160/bench/frame-01.png,yes,"arms locked, bar over shoulders, arch, feet flat, eyes on bar"
bench,bench,light,2,lower,/sprites/bench/frame-02.png,lattice-160/bench/frame-02.png,yes,"bar to mid chest, elbows 45 deg tuck"
bench,bench,light,3,pause,/sprites/bench/frame-03.png,lattice-160/bench/frame-03.png,yes,"bar on chest, motionless, feet driving, cheeks puffed"
bench,bench,light,4,press,/sprites/bench/frame-04.png,lattice-160/bench/frame-04.png,yes,"bar 1/3 up, elbows still tucked"
bench,bench,light,5,almost,/sprites/bench/frame-05.png,lattice-160/bench/frame-05.png,yes,"bar 2/3 up, slight flare"
bench,bench,light,6,lockout,/sprites/bench/frame-06.png,lattice-160/bench/frame-06.png,yes,"arms straight over shoulders, bar straight"
bench-max,bench,max,1,setup,/sprites/bench-max/frame-01.png,lattice-160/bench-max/frame-01.png,yes,"bar bows 1 px at sleeves, arch higher, near plate stack 4 red"
bench-max,bench,max,2,lower,/sprites/bench-max/frame-02.png,lattice-160/bench-max/frame-02.png,yes,"slow, elbows tucked hard, face FLUSH1"
bench-max,bench,max,3,pause,/sprites/bench-max/frame-03.png,lattice-160/bench-max/frame-03.png,yes,"chest compressed, bar sinks 1 px into singlet, face FLUSH2, neck veins as 1 px lines"
bench-max,bench,max,4,sticking,/sprites/bench-max/frame-04.png,lattice-160/bench-max/frame-04.png,yes,"bar 2 px off chest, tilted 1 px (uneven), elbows flare, teeth bared"
bench-max,bench,max,5,grind,/sprites/bench-max/frame-05.png,lattice-160/bench-max/frame-05.png,yes,"bar 1/2 up, bow resolving, eyes shut"
bench-max,bench,max,6,lockout,/sprites/bench-max/frame-06.png,lattice-160/bench-max/frame-06.png,yes,"arms straight, bar straight, mouth open exhale"
deadlift,deadlift,light,1,setup,/sprites/deadlift/frame-01.png,lattice-160/deadlift/frame-01.png,yes,"hinge, hips high, arms straight, bar at shins, double overhand, back flat"
deadlift,deadlift,light,2,break,/sprites/deadlift/frame-02.png,lattice-160/deadlift/frame-02.png,yes,"bar off floor 2 px, knees extending, back angle unchanged"
deadlift,deadlift,light,3,knee,/sprites/deadlift/frame-03.png,lattice-160/deadlift/frame-03.png,yes,"bar at knee, shins vertical, torso rising"
deadlift,deadlift,light,4,mid,/sprites/deadlift/frame-04.png,lattice-160/deadlift/frame-04.png,yes,"bar mid thigh, hips driving through"
deadlift,deadlift,light,5,almost,/sprites/deadlift/frame-05.png,lattice-160/deadlift/frame-05.png,yes,"shoulders behind bar, knees soft, bar upper thigh"
deadlift,deadlift,light,6,lockout,/sprites/deadlift/frame-06.png,lattice-160/deadlift/frame-06.png,yes,"standing, hips through, shoulders back, chin up, bar at upper thigh (NOT setup)"
deadlift-max,deadlift,max,1,setup,/sprites/deadlift-max/frame-01.png,lattice-160/deadlift-max/frame-01.png,yes,"mixed grip (one palm forward), bar bows 2 px, 4 red per side, chalk puff at hands"
deadlift-max,deadlift,max,2,break,/sprites/deadlift-max/frame-02.png,lattice-160/deadlift-max/frame-02.png,yes,"hips shoot up first, bar bows 3 px, plates 1 px off floor"
deadlift-max,deadlift,max,3,sticking,/sprites/deadlift-max/frame-03.png,lattice-160/deadlift-max/frame-03.png,yes,"bar at knee stalls, upper back rounds 1 px, face FLUSH2, teeth bared"
deadlift-max,deadlift,max,4,mid,/sprites/deadlift-max/frame-04.png,lattice-160/deadlift-max/frame-04.png,yes,"hips driving, bar path stays straight (no hitch, no thigh rest)"
deadlift-max,deadlift,max,5,grind,/sprites/deadlift-max/frame-05.png,lattice-160/deadlift-max/frame-05.png,yes,"shoulders pulling back, knees soft, bow resolving, eyes shut"
deadlift-max,deadlift,max,6,lockout,/sprites/deadlift-max/frame-06.png,lattice-160/deadlift-max/frame-06.png,yes,"standing, bar straight, chest up, chin up, teeth bared, traps swallow neck"
success-squat,squat,light,1,hold,/sprites/success-squat/frame-01.png,lattice-160/success-squat/frame-01.png,yes,"lockout held, nod at lights"
success-squat,squat,light,2,walk-in,/sprites/success-squat/frame-02.png,lattice-160/success-squat/frame-02.png,yes,"step forward toward rack implied, bar on back"
success-squat,squat,light,3,racked,/sprites/success-squat/frame-03.png,lattice-160/success-squat/frame-03.png,yes,"no bar, shakes arms out"
success-squat,squat,light,4,nod,/sprites/success-squat/frame-04.png,lattice-160/success-squat/frame-04.png,yes,"small fist at hip, calm"
success-squat-max,squat,max,1,roar,/sprites/success-squat-max/frame-01.png,lattice-160/success-squat-max/frame-01.png,yes,"lockout, head back, mouth open"
success-squat-max,squat,max,2,walk-in,/sprites/success-squat-max/frame-02.png,lattice-160/success-squat-max/frame-02.png,yes,"stagger step, bar bows"
success-squat-max,squat,max,3,racked,/sprites/success-squat-max/frame-03.png,lattice-160/success-squat-max/frame-03.png,yes,"no bar, double fist pump above head (fist <= master y12)"
success-squat-max,squat,max,4,slap,/sprites/success-squat-max/frame-04.png,lattice-160/success-squat-max/frame-04.png,yes,"chest slap, chalk burst"
miss-squat,squat,light,1,stall,/sprites/miss-squat/frame-01.png,lattice-160/miss-squat/frame-01.png,yes,"stuck 2 px above hole, bar stays straight"
miss-squat,squat,light,2,dump,/sprites/miss-squat/frame-02.png,lattice-160/miss-squat/frame-02.png,yes,"bar drops onto safeties implied, hands leave bar"
miss-squat,squat,light,3,stand,/sprites/miss-squat/frame-03.png,lattice-160/miss-squat/frame-03.png,yes,"standing, no bar, hands on hips"
miss-squat,squat,light,4,shake,/sprites/miss-squat/frame-04.png,lattice-160/miss-squat/frame-04.png,yes,"head shake, eyes down"
miss-squat-max,squat,max,1,pitch,/sprites/miss-squat-max/frame-01.png,lattice-160/miss-squat-max/frame-01.png,yes,"pitched forward, bar bows 3 px, knees cave 2 px"
miss-squat-max,squat,max,2,dump,/sprites/miss-squat-max/frame-02.png,lattice-160/miss-squat-max/frame-02.png,yes,"bar dumped behind, plates 1 px bounce"
miss-squat-max,squat,max,3,kneel,/sprites/miss-squat-max/frame-03.png,lattice-160/miss-squat-max/frame-03.png,yes,one knee down
miss-squat-max,squat,max,4,hands-on-knees,/sprites/miss-squat-max/frame-04.png,lattice-160/miss-squat-max/frame-04.png,yes,"stands bent, hands on knees, breathing"
success-bench,bench,light,1,hold,/sprites/success-bench/frame-01.png,lattice-160/success-bench/frame-01.png,yes,"arms locked, waits for rack call"
success-bench,bench,light,2,rack,/sprites/success-bench/frame-02.png,lattice-160/success-bench/frame-02.png,yes,"bar to uprights, arms bent"
success-bench,bench,light,3,sit-up,/sprites/success-bench/frame-03.png,lattice-160/success-bench/frame-03.png,yes,"sits up on pad, feet down"
success-bench,bench,light,4,nod,/sprites/success-bench/frame-04.png,lattice-160/success-bench/frame-04.png,yes,fist tap on chest
success-bench-max,bench,max,1,roar,/sprites/success-bench-max/frame-01.png,lattice-160/success-bench-max/frame-01.png,yes,"arms locked, head back"
success-bench-max,bench,max,2,rack,/sprites/success-bench-max/frame-02.png,lattice-160/success-bench-max/frame-02.png,yes,"bar slams uprights, 1 px bounce"
success-bench-max,bench,max,3,sit-up,/sprites/success-bench-max/frame-03.png,lattice-160/success-bench-max/frame-03.png,yes,"sits up fast, fists"
success-bench-max,bench,max,4,point,/sprites/success-bench-max/frame-04.png,lattice-160/success-bench-max/frame-04.png,yes,points at lights
miss-bench,bench,light,1,stall,/sprites/miss-bench/frame-01.png,lattice-160/miss-bench/frame-01.png,yes,bar stalls mid press
miss-bench,bench,light,2,take,/sprites/miss-bench/frame-02.png,lattice-160/miss-bench/frame-02.png,yes,spotter hands from top edge take bar (hands only)
miss-bench,bench,light,3,sit-up,/sprites/miss-bench/frame-03.png,lattice-160/miss-bench/frame-03.png,yes,sits up slow
miss-bench,bench,light,4,rub,/sprites/miss-bench/frame-04.png,lattice-160/miss-bench/frame-04.png,yes,"rubs chest, eyes down"
miss-bench-max,bench,max,1,stall,/sprites/miss-bench-max/frame-01.png,lattice-160/miss-bench-max/frame-01.png,yes,"bar 2 px off chest, tilted 2 px"
miss-bench-max,bench,max,2,take,/sprites/miss-bench-max/frame-02.png,lattice-160/miss-bench-max/frame-02.png,yes,"spotter hands take bar, lifter arms collapse"
miss-bench-max,bench,max,3,sit-up,/sprites/miss-bench-max/frame-03.png,lattice-160/miss-bench-max/frame-03.png,yes,"sits up, head down"
miss-bench-max,bench,max,4,rub,/sprites/miss-bench-max/frame-04.png,lattice-160/miss-bench-max/frame-04.png,yes,"rubs chest, FLUSH fades to SKIN"
success-deadlift,deadlift,light,1,hold,/sprites/success-deadlift/frame-01.png,lattice-160/success-deadlift/frame-01.png,yes,"lockout held, chin up"
success-deadlift,deadlift,light,2,lower,/sprites/success-deadlift/frame-02.png,lattice-160/success-deadlift/frame-02.png,yes,"controlled lower, hips back, bar to knee"
success-deadlift,deadlift,light,3,floor,/sprites/success-deadlift/frame-03.png,lattice-160/success-deadlift/frame-03.png,yes,"bar on floor, standing up"
success-deadlift,deadlift,light,4,nod,/sprites/success-deadlift/frame-04.png,lattice-160/success-deadlift/frame-04.png,yes,"shakes hands out, small nod"
success-deadlift-max,deadlift,max,1,roar,/sprites/success-deadlift-max/frame-01.png,lattice-160/success-deadlift-max/frame-01.png,yes,"lockout, head back, bar at thigh"
success-deadlift-max,deadlift,max,2,drop,/sprites/success-deadlift-max/frame-02.png,lattice-160/success-deadlift-max/frame-02.png,yes,"bar dropped, plates 1 px off floor bounce, chalk cloud"
success-deadlift-max,deadlift,max,3,fists,/sprites/success-deadlift-max/frame-03.png,lattice-160/success-deadlift-max/frame-03.png,yes,double fist pump above head (fist <= master y12)
success-deadlift-max,deadlift,max,4,slap,/sprites/success-deadlift-max/frame-04.png,lattice-160/success-deadlift-max/frame-04.png,yes,chest slap
miss-deadlift,deadlift,light,1,stall,/sprites/miss-deadlift/frame-01.png,lattice-160/miss-deadlift/frame-01.png,yes,"bar stalls at knee, arms straight"
miss-deadlift,deadlift,light,2,set-down,/sprites/miss-deadlift/frame-02.png,lattice-160/miss-deadlift/frame-02.png,yes,"bar back to floor, controlled"
miss-deadlift,deadlift,light,3,straighten,/sprites/miss-deadlift/frame-03.png,lattice-160/miss-deadlift/frame-03.png,yes,"stands, hands open"
miss-deadlift,deadlift,light,4,shake,/sprites/miss-deadlift/frame-04.png,lattice-160/miss-deadlift/frame-04.png,yes,"shakes hands out, eyes down"
miss-deadlift-max,deadlift,max,1,stall,/sprites/miss-deadlift-max/frame-01.png,lattice-160/miss-deadlift-max/frame-01.png,yes,"bar at knee, bow 3 px, upper back rounds 2 px"
miss-deadlift-max,deadlift,max,2,drop,/sprites/miss-deadlift-max/frame-02.png,lattice-160/miss-deadlift-max/frame-02.png,yes,"bar drops, plates bounce 2 px, chalk cloud"
miss-deadlift-max,deadlift,max,3,bent,/sprites/miss-deadlift-max/frame-03.png,lattice-160/miss-deadlift-max/frame-03.png,yes,"bent over, hands on knees"
miss-deadlift-max,deadlift,max,4,stand,/sprites/miss-deadlift-max/frame-04.png,lattice-160/miss-deadlift-max/frame-04.png,yes,"stands, looks down, FLUSH stays"
cards,squat,light,1,card,/sprites/cards/squat-light.png,lattice-52/cards/squat-light.png,no,"waist-up crop, bar across traps full width, plates cropped by edges; 1 red + 1 blue per side, bar straight, calm face"
cards,squat,max,1,card,/sprites/cards/squat-max.png,lattice-52/cards/squat-max.png,no,"waist-up crop, bar across traps full width, plates cropped by edges; red stack, bar bows 1 px, FLUSH face"
cards,bench,light,1,card,/sprites/cards/bench-light.png,lattice-52/cards/bench-light.png,no,"3/4 side crop, head lying at left, near plate stack large lower-right; 1 red + 1 blue per side, bar straight, calm face"
cards,bench,max,1,card,/sprites/cards/bench-max.png,lattice-52/cards/bench-max.png,no,"3/4 side crop, head lying at left, near plate stack large lower-right; red stack, bar bows 1 px, FLUSH face"
cards,deadlift,light,1,card,/sprites/cards/deadlift-light.png,lattice-52/cards/deadlift-light.png,no,"lockout, head to knee crop, bar at upper thigh full width; 1 red + 1 blue per side, bar straight, calm face"
cards,deadlift,max,1,card,/sprites/cards/deadlift-max.png,lattice-52/cards/deadlift-max.png,no,"lockout, head to knee crop, bar at upper thigh full width; red stack, bar bows 1 px, FLUSH face"
