lift,effort,frame,state,path
squat,light,1,setup,/sprites/squat/frame-01.png
squat,light,2,descend,/sprites/squat/frame-02.png
squat,light,3,hole,/sprites/squat/frame-03.png
squat,light,4,drive,/sprites/squat/frame-04.png
squat,light,5,almost,/sprites/squat/frame-05.png
squat,light,6,lockout,/sprites/squat/frame-06.png
squat,max,1,setup,/sprites/squat-max/frame-01.png
squat,max,2,descend,/sprites/squat-max/frame-02.png
squat,max,3,hole,/sprites/squat-max/frame-03.png
squat,max,4,drive,/sprites/squat-max/frame-04.png
squat,max,5,almost,/sprites/squat-max/frame-05.png
squat,max,6,lockout,/sprites/squat-max/frame-06.png
bench,light,1,setup,/sprites/bench/frame-01.png
bench,light,2,lower,/sprites/bench/frame-02.png
bench,light,3,pause,/sprites/bench/frame-03.png
bench,light,4,press,/sprites/bench/frame-04.png
bench,light,5,almost,/sprites/bench/frame-05.png
bench,light,6,lockout,/sprites/bench/frame-06.png
bench,max,1,setup,/sprites/bench-max/frame-01.png
bench,max,2,lower,/sprites/bench-max/frame-02.png
bench,max,3,pause,/sprites/bench-max/frame-03.png
bench,max,4,press,/sprites/bench-max/frame-04.png
bench,max,5,almost,/sprites/bench-max/frame-05.png
bench,max,6,lockout,/sprites/bench-max/frame-06.png
deadlift,light,1,setup,/sprites/deadlift/frame-01.png
deadlift,light,2,break,/sprites/deadlift/frame-02.png
deadlift,light,3,knee,/sprites/deadlift/frame-03.png
deadlift,light,4,mid,/sprites/deadlift/frame-04.png
deadlift,light,5,almost,/sprites/deadlift/frame-05.png
deadlift,light,6,lockout,/sprites/deadlift/frame-06.png
deadlift,max,1,setup,/sprites/deadlift-max/frame-01.png
deadlift,max,2,break,/sprites/deadlift-max/frame-02.png
deadlift,max,3,knee,/sprites/deadlift-max/frame-03.png
deadlift,max,4,mid,/sprites/deadlift-max/frame-04.png
deadlift,max,5,almost,/sprites/deadlift-max/frame-05.png
deadlift,max,6,lockout,/sprites/deadlift-max/frame-06.png
idle,light,1,idle,/sprites/idle/frame-01.png
idle,light,2,idle,/sprites/idle/frame-02.png
idle,light,3,idle,/sprites/idle/frame-03.png
idle,light,4,idle,/sprites/idle/frame-04.png
success,light,1,success,/sprites/success/frame-01.png
success,light,2,success,/sprites/success/frame-02.png
success,light,3,success,/sprites/success/frame-03.png
success,light,4,success,/sprites/success/frame-04.png
miss,light,1,miss,/sprites/miss/frame-01.png
miss,light,2,miss,/sprites/miss/frame-02.png
miss,light,3,miss,/sprites/miss/frame-03.png
miss,light,4,miss,/sprites/miss/frame-04.png
squat,light,card,card,/sprites/cards/squat-light.png
squat,max,card,card,/sprites/cards/squat-max.png
bench,light,card,card,/sprites/cards/bench-light.png
bench,max,card,card,/sprites/cards/bench-max.png
deadlift,light,card,card,/sprites/cards/deadlift-light.png
deadlift,max,card,card,/sprites/cards/deadlift-max.png
